code_info,code_fn,sector,name,bond_date,bond_TF,bond_rating,bond_pos,bond_neu,bond_neg,cp_date,cp_TF,cp_rating,corp_date,corp_TF,corp_rating,corp_pos,corp_neu,corp_neg
09557,,N76320,AJ네트웍스,2026-06-10 00:00:00,T,BBB+,0,2,0,2026-06-10 00:00:00,T,A3+,,,,0,0,0
10356,,K64919,BMW파이낸셜서비스,,,,0,0,0,,,,2026-06-09 00:00:00,T,AA-,0,1,0
13893,,K64992,BNK금융지주,2026-06-24 00:00:00,T,AAA,0,3,0,,,,2026-04-17 00:00:00,T,AAA,0,2,0
15399,,K66121,BNK투자증권,2026-07-13 00:00:00,T,A+,0,3,0,2026-06-26 00:00:00,T,A1,2026-06-25 00:00:00,T,A+,0,3,0
00104,,K64992,CJ,2026-06-30 00:00:00,T,AA-,0,3,0,2026-06-30 00:00:00,T,A1,,,,0,0,0
07916,,J59141,CJ CGV,2026-07-01 00:00:00,T,A-,0,3,0,2026-07-02 00:00:00,T,A2-,,,,0,0,0
03576,,J60200,CJ ENM,2026-06-10 00:00:00,T,AA-,0,3,0,2026-06-09 00:00:00,T,A1,2025-01-16 00:00:00,,,0,0,0
00012,,H49300,CJ대한통운,2026-05-18 00:00:00,T,AA-,0,3,0,2026-05-18 00:00:00,T,A1,2025-01-16 00:00:00,,,0,0,0
09795,,C10720,CJ제일제당,2026-04-17 00:00:00,T,AA,0,3,0,2026-04-17 00:00:00,T,A1,,,,0,0,0
05150,,G46320,CJ프레시웨이,2026-04-02 00:00:00,T,A,0,3,0,2026-06-29 00:00:00,T,A2,,,,0,0,0
01661,,K66121,DB증권,2026-07-14 00:00:00,T,A+,0,2,0,2026-06-08 00:00:00,T,A1,2026-06-08 00:00:00,T,A+,0,3,0
29012,,C30399,DH오토리드,2026-06-22 00:00:00,F,BB-,1,2,0,,,,,,,0,0,0
02544,,C26500,DH오토웨어,2026-05-14 00:00:00,T,BB,0,0,1,,,,,,,0,0,0
00021,,C20111,DL,2025-05-28 00:00:00,,,0,0,0,,,,2026-06-30 00:00:00,T,AA-,0,2,0
00188,,F41100,DL건설,2025-08-25 00:00:00,T,A-,0,1,0,2026-06-29 00:00:00,T,A2-,2026-07-01 00:00:00,T,A-,0,2,0
22003,,M71531,DL에너지,2026-06-12 00:00:00,T,A+,0,2,0,,,,,,,0,0,0
37550,,F41200,DL이앤씨,2026-06-26 00:00:00,T,AA-,0,3,0,2026-07-01 00:00:00,T,A1,,,,0,0,0
01794,,G46713,E1,2026-04-30 00:00:00,T,A+,0,2,0,2026-04-30 00:00:00,T,A1,2025-01-16 00:00:00,,,0,0,0
36555,,L68100,ESR켄달스퀘어리츠,,,,0,0,0,,,,2025-12-08 00:00:00,T,A-,0,1,0
07893,,K64992,GS,2026-06-19 00:00:00,T,AA,0,2,0,2026-06-19 00:00:00,T,A1,,,,0,0,0
00125,,G46800,GS글로벌,2026-06-29 00:00:00,T,A,0,2,0,,,,,,,0,0,0
00707,,G47122,GS리테일,2026-06-30 00:00:00,T,AA,0,3,0,2025-12-26 00:00:00,T,A1,,,,0,0,0
00508,,C19210,GS칼텍스,2026-06-17 00:00:00,T,AA+,0,3,0,2026-06-17 00:00:00,T,A1,2026-04-16 00:00:00,,,0,0,0
04780,,D35110,GS파워,2026-06-25 00:00:00,T,AA,0,3,0,2026-06-25 00:00:00,T,A1,2026-06-09 00:00:00,,,0,0,0
26727,,C29100,HD건설기계,2026-06-08 00:00:00,T,A,3,0,0,2024-12-27 00:00:00,T,A2,,,,0,0,0
00954,,K64992,HD한국조선해양,,,,0,0,0,,,,2026-04-01 00:00:00,T,AA-,0,3,0
26725,,K64992,HD현대,2026-03-26 00:00:00,T,AA-,0,3,0,2026-03-30 00:00:00,T,A1,,,,0,0,0
00000,,M72120,HD현대마린솔루션,,,,0,0,0,,,,2026-06-24 00:00:00,T,AA-,0,3,0
00000,,C26120,HD현대에너지솔루션,,,,0,0,0,,,,2026-04-20 00:00:00,T,A-,0,1,0
26726,,C28110,HD현대일렉트릭,2026-03-26 00:00:00,T,AA-,0,3,0,,,,,,,0,0,0
32918,,C31113,HD현대중공업,2026-03-26 00:00:00,T,AA-,0,3,0,,,,,,,0,0,0
19594,,C21210,HK이노엔,2026-06-10 00:00:00,T,A,0,2,0,2026-06-10 00:00:00,T,A2,,,,0,0,0
01479,,F41221,HL D&I,2026-05-28 00:00:00,T,BBB+,0,2,0,2026-05-13 00:00:00,T,A3+,2025-01-16 00:00:00,,,0,0,0
20432,,C30300,HL만도,2026-04-20 00:00:00,T,AA-,0,3,0,,,,,,,0,0,0
06098,,K64992,HL홀딩스,2026-05-12 00:00:00,T,A,0,3,0,,,,,,,0,0,0
00000,,K64919,HS효성,,,,0,0,0,2026-06-11 00:00:00,T,A2,2026-06-10 00:00:00,T,A,0,1,0
29805,,C20500,HS효성첨단소재,2026-06-05 00:00:00,T,A,0,2,0,2026-06-05 00:00:00,T,A2,2026-06-10 00:00:00,T,A,0,2,0
10477,,K66120,IBK투자증권,2026-06-24 00:00:00,T,AA-,0,2,0,2026-07-03 00:00:00,T,A1,2026-04-20 00:00:00,T,AA-,0,2,0
01536,,M71500,INVENI,2026-06-24 00:00:00,T,AA-,0,2,0,2025-09-17 00:00:00,T,A1,,,,0,0,0
29487,,F41100,IPARK현대산업개발,2026-06-26 00:00:00,T,A,0,3,0,,,,,,,0,0,0
07931,,K64913,JB 우리캐피탈,2026-07-08 00:00:00,T,AA-,0,3,0,2026-06-15 00:00:00,T,A1,,,,0,0,0
17533,,K64992,JB금융지주,2026-07-08 00:00:00,T,AA+,0,3,0,,,,2026-06-29 00:00:00,T,AA+,0,3,0
23408,,C21210,JW생명과학,,,,0,0,0,,,,2026-04-28 00:00:00,F,BBB,0,2,0
00106,,C21210,JW중외제약,,,,0,0,0,,,,2026-04-28 00:00:00,T,A-,0,1,0
09676,,K64992,JW홀딩스,2026-05-13 00:00:00,,,0,0,0,,,,2026-04-28 00:00:00,T,BBB+,0,1,0
10556,,K64992,KB금융,2026-07-01 00:00:00,T,AAA,0,3,0,2026-06-30 00:00:00,T,A1,2026-06-10 00:00:00,T,AAA,0,3,0
41564,,K64201,KB발해인프라,2026-06-29 00:00:00,T,AA-,0,2,0,,,,2026-06-26 00:00:00,T,AA-,0,2,0
00255,,K65121,KB손해보험,,,,0,0,0,,,,2026-05-14 00:00:00,T,AA+,0,1,0
43232,,L68112,KB스타리츠,2026-01-30 00:00:00,T,A-,0,2,0,,,,2026-04-14 00:00:00,,,0,0,0
00345,,K66121,KB증권,2026-07-14 00:00:00,T,AA+,0,3,0,2026-06-30 00:00:00,T,A1,,,,0,0,0
02196,,K64911,KB캐피탈,2026-06-30 00:00:00,T,AA-,0,3,0,2026-06-12 00:00:00,T,A1,2026-05-04 00:00:00,T,AA-,0,2,0
02132,,F41112,KCC건설,2026-04-23 00:00:00,T,A-,0,2,0,2026-04-23 00:00:00,T,A2-,,,,0,0,0
00362,,C30100,KG모빌리티,2026-06-24 00:00:00,T,BB,0,2,0,,,,,,,0,0,0
03560,,J58221,KG이니시스,,,,0,0,0,,,,2026-05-29 00:00:00,T,A,0,2,0
09305,,C14111,LF,2026-06-19 00:00:00,T,AA-,0,2,0,,,,2025-01-16 00:00:00,,,0,0,0
03422,,C26211,LG디스플레이,2026-06-29 00:00:00,T,A,0,3,0,,,,2026-04-13 00:00:00,,,0,0,0
06440,,J62021,LG씨엔에스,2026-04-30 00:00:00,T,AA,0,3,0,,,,2025-12-08 00:00:00,,,0,0,0
37322,,C28202,LG에너지솔루션,2026-06-22 00:00:00,T,AA,0,3,0,,,,2026-06-22 00:00:00,T,AA,0,2,0
03264,,J61220,LG유플러스,2026-05-14 00:00:00,T,AA+,0,3,0,2026-05-14 00:00:00,T,A1,2026-04-15 00:00:00,T,AA+,0,1,0
01107,,C26200,LG이노텍,2026-06-19 00:00:00,T,AA-,0,3,0,2026-06-19 00:00:00,T,A1,2026-06-22 00:00:00,T,AA-,0,3,0
06657,,C26400,LG전자,2026-05-18 00:00:00,T,AA,1,2,0,,,,2026-05-15 00:00:00,T,AA,0,1,0
03756,,J60222,LG헬로비전,2026-04-21 00:00:00,T,AA-,0,2,0,2026-04-21 00:00:00,T,A1,,,,0,0,0
05191,,C20111,LG화학,2026-06-23 00:00:00,F,AA,0,1,2,,,,,,,0,0,0
00626,,K64992,LS,2026-06-30 00:00:00,T,A+,3,0,0,2026-06-30 00:00:00,T,A2+,,,,0,0,0
00068,,G46800,LS네트웍스,2026-06-29 00:00:00,T,BBB+,0,2,0,2026-06-29 00:00:00,T,A3+,2026-06-29 00:00:00,T,BBB+,0,1,0
07802,,K66121,LS증권,,,,0,0,0,2026-06-29 00:00:00,T,A2+,2026-06-22 00:00:00,T,A,0,2,0
00112,,G46100,LX인터내셔널,2026-06-25 00:00:00,T,AA-,0,3,0,,,,2026-06-17 00:00:00,T,AA-,0,2,0
10867,,C22220,LX하우시스,2026-07-01 00:00:00,T,A+,0,3,0,,,,2025-01-16 00:00:00,,,0,0,0
38380,,K64992,LX홀딩스,2026-06-15 00:00:00,T,AA-,0,2,0,,,,,,,0,0,0
03542,,J63120,NAVER,2026-06-30 00:00:00,T,AA+,0,3,0,,,,,,,0,0,0
45604,,C20129,OCI,2026-05-29 00:00:00,T,A+,0,3,0,,,,,,,0,0,0
01006,,C20129,OCI홀딩스,,,,0,0,0,2026-05-13 00:00:00,T,A2+,2026-05-13 00:00:00,T,A+,0,2,0
03412,,J60210,SBS,2026-06-29 00:00:00,T,AA,0,3,0,2026-06-29 00:00:00,T,A1,,,,0,0,0
03473,,K64992,SK,2026-03-19 00:00:00,T,AA+,0,3,0,2026-03-20 00:00:00,T,A1,2026-06-09 00:00:00,,,0,0,0
01867,,G46713,SK가스,2026-06-24 00:00:00,T,AA-,0,3,0,2026-06-24 00:00:00,T,A1,2025-01-16 00:00:00,,,0,0,0
00174,,G46700,SK네트웍스,2026-04-03 00:00:00,T,AA-,0,3,0,2026-04-10 00:00:00,T,A1,2026-04-06 00:00:00,T,AA-,0,3,0
00612,,K64992,SK디스커버리,2026-06-30 00:00:00,T,A+,0,3,0,2026-06-30 00:00:00,T,A2+,,,,0,0,0
21098,,L68122,SK디앤디,2026-07-01 00:00:00,T,BBB-,0,0,2,2026-07-01 00:00:00,T,A3-,2024-10-16 00:00:00,,,0,0,0
06840,,N76110,SK렌터카,2026-06-30 00:00:00,T,A,0,3,0,2026-06-30 00:00:00,T,A2,,,,0,0,0
39540,,L68112,SK리츠,2026-06-22 00:00:00,T,AA-,0,2,0,,,,2025-01-16 00:00:00,,,0,0,0
03363,,J61210,SK브로드밴드,2026-05-28 00:00:00,T,AA,0,3,0,2026-05-28 00:00:00,T,A1,2026-05-28 00:00:00,T,AA,0,2,0
39382,,N75320,SK쉴더스,2026-07-01 00:00:00,T,A-,0,2,0,,,,,,,0,0,0
49338,,G45200,SK스피드메이트,,,,0,0,0,,,,2026-07-01 00:00:00,T,A-,0,1,0
02927,,C26120,SK실트론,2026-07-01 00:00:00,T,A+,0,1,2,2026-07-02 00:00:00,T,A2+,,,,0,0,0
36161,,C28200,SK아이이테크놀로지,2026-06-09 00:00:00,T,A-,0,1,1,2026-06-09 00:00:00,T,A2-,,,,0,0,0
13809,,C19210,SK에너지,2026-06-22 00:00:00,T,AA,0,3,0,2026-06-22 00:00:00,T,A1,2025-08-26 00:00:00,,,0,0,0
09677,,C19200,SK이노베이션,2026-06-15 00:00:00,T,AA,0,3,0,2026-06-15 00:00:00,T,A1,2025-01-16 00:00:00,,,0,0,0
18545,,C28520,SK인텔릭스,2026-06-24 00:00:00,T,A+,0,3,0,2026-06-24 00:00:00,T,A2+,,,,0,0,0
00151,,K66121,SK증권,2026-06-24 00:00:00,T,A-,0,2,0,2026-07-02 00:00:00,T,A2,2026-04-17 00:00:00,T,A-,0,1,0
13810,,C20111,SK지오센트릭,2026-06-25 00:00:00,T,AA-,0,0,3,2026-06-25 00:00:00,T,A1,2025-01-16 00:00:00,,,0,0,0
28513,,C20202,SK케미칼,2026-04-30 00:00:00,T,A+,0,3,0,2025-12-10 00:00:00,T,A2+,,,,0,0,0
01767,,J61220,SK텔레콤,2026-06-23 00:00:00,T,AAA,0,3,0,2026-06-29 00:00:00,T,A1,2026-06-17 00:00:00,T,AAA,0,1,0
00066,,C26120,SK하이닉스,2026-06-16 00:00:00,T,AA+,0,3,0,2026-06-17 00:00:00,T,A1,,,,0,0,0
26876,,H50112,SK해운,2026-07-10 00:00:00,T,A-,0,1,0,2025-09-22 00:00:00,T,CANC,2026-07-01 00:00:00,T,A-,0,3,0
00271,,C24191,TCC스틸,2026-04-17 00:00:00,T,BB+,0,0,1,,,,,,,0,0,0
00798,,C14100,TP,2026-05-15 00:00:00,T,BBB-,0,2,0,2026-05-15 00:00:00,T,A3-,,,,0,0,0
00290,,C29210,TYM,2026-06-04 00:00:00,T,BBB-,1,0,0,,,,2025-01-16 00:00:00,,,0,0,0
13913,,K64992,iM금융지주,2026-07-10 00:00:00,T,AAA,0,3,0,,,,2026-04-22 00:00:00,T,AAA,0,2,0
06386,,C15129,가나안,2026-02-13 00:00:00,T,BBB,1,0,0,,,,,,,0,0,0
00050,,C28302,가온전선,2026-06-30 00:00:00,T,A,0,2,0,2026-07-02 00:00:00,T,A2,,,,0,0,0
00000,,D35200,강남도시가스,,,,0,0,0,,,,2025-06-19 00:00:00,T,A-,0,1,0
00000,,P85302,건국대학교,,,,0,0,0,,,,2026-02-13 00:00:00,T,AA,0,1,0
00000,,K65302,건설공제조합,,,,0,0,0,,,,2026-06-29 00:00:00,T,AA+,0,2,0
00086,,C20411,건설화학공업,,,,0,0,0,,,,2026-07-03 00:00:00,T,BBB-,0,1,0
09137,,L68129,경기주택도시공사,2026-07-10 00:00:00,T,AAA,0,3,0,2026-04-13 00:00:00,T,A1,,,,0,0,0
0036C,,H52921,경기평택항만공사,2026-06-30 00:00:00,T,AA+,0,3,0,,,,2025-08-26 00:00:00,,,0,0,0
09365,,F41000,경남개발공사,2026-06-30 00:00:00,T,AA+,0,3,0,,,,,,,0,0,0
19252,,K64121,경남은행,2026-07-09 00:00:00,T,AA+,0,3,0,,,,2026-05-22 00:00:00,T,AA+,0,3,0
09896,,M72112,경상북도개발공사,2026-06-26 00:00:00,T,AA+,0,3,0,,,,,,,0,0,0
01358,,F41200,계룡건설산업,2026-06-24 00:00:00,T,BBB+,0,1,0,,,,,,,0,0,0
01013,,C24213,고려아연,2026-05-14 00:00:00,T,AA,0,2,0,2026-05-18 00:00:00,T,A1,2025-08-26 00:00:00,,,0,0,0
00000,,K64131,고려저축은행,,,,0,0,0,,,,2026-06-26 00:00:00,T,BBB+,0,1,0
32815,,F41000,고양도시관리공사,2026-05-29 00:00:00,T,AA,0,3,0,,,,,,,0,0,0
37078,,N74100,과천도시공사,2026-05-29 00:00:00,T,AA,0,3,0,,,,,,,0,0,0
15143,,C30000,광명산업,2026-05-04 00:00:00,T,BB,0,1,0,,,,,,,0,0,0
10782,,F41210,광주광역시도시공사,2026-07-01 00:00:00,T,AA+,0,3,0,,,,,,,0,0,0
03771,,G47111,광주신세계,2026-06-12 00:00:00,T,AA-,0,2,0,2026-06-12 00:00:00,T,A1,2025-05-07 00:00:00,,,0,0,0
19253,,K64121,광주은행,2026-06-30 00:00:00,T,AA+,0,3,0,,,,2026-06-25 00:00:00,T,AA+,0,3,0
10857,,B08000,광해광업공단,2026-07-08 00:00:00,T,AAA,0,3,0,2026-07-02 00:00:00,T,A1,2026-03-10 00:00:00,T,AAA,0,1,0
03448,,K64999,교보자산신탁,,,,0,0,0,2026-04-29 00:00:00,T,A3+,2026-04-27 00:00:00,T,BBB+,0,1,0
03061,,K66121,교보증권,2026-07-10 00:00:00,T,AA-,0,3,0,2026-06-15 00:00:00,T,A1,2026-06-15 00:00:00,T,AA-,0,3,0
00000,,K64121,교통은행,,,,0,0,0,,,,2026-05-22 00:00:00,T,AAA,0,1,0
00000,,H49100,국가철도공단,2026-06-01 00:00:00,T,AAA,0,3,0,,,,2026-03-30 00:00:00,T,AAA,0,1,0
00769,,C20111,국도화학,2026-06-26 00:00:00,T,A+,0,2,0,,,,,,,0,0,0
06000,,K64121,국민은행,2026-06-30 00:00:00,T,AAA,0,3,0,,,,2026-04-03 00:00:00,T,AAA,0,3,0
00000,,K64900,국민행복기금,,,,0,0,0,,,,2026-06-10 00:00:00,T,AA-,0,1,0
01428,,C24130,금강공업,2026-05-07 00:00:00,T,BBB-,0,1,0,,,,,,,0,0,0
01178,,C20100,금호석유화학,2026-06-23 00:00:00,T,A+,0,3,0,,,,,,,0,0,0
07324,,C22111,금호타이어,2026-06-08 00:00:00,F,A,2,1,0,,,,2025-05-14 00:00:00,,,0,0,0
06092,,C20119,금호피앤비화학,,,,0,0,0,,,,2026-06-29 00:00:00,T,A,0,3,0
11496,,C24190,기보스틸,2026-05-18 00:00:00,T,BB+,0,1,0,,,,2025-01-16 00:00:00,,,0,0,0
00027,,C30121,기아,2026-06-19 00:00:00,T,AAA,0,3,0,,,,2025-01-16 00:00:00,,,0,0,0
02411,,K64121,기업은행,2026-05-27 00:00:00,T,AAA,0,3,0,,,,2026-05-27 00:00:00,T,AAA,0,3,0
31113,,L68129,김해시도시개발공사,2026-06-08 00:00:00,T,AA,0,3,0,,,,,,,0,0,0
00454,,C17120,깨끗한나라,2026-06-17 00:00:00,T,BBB-,0,1,0,2026-06-17 00:00:00,T,A3-,2026-06-17 00:00:00,T,BBB-,0,1,0
35840,,C14199,나디아퍼시픽,2025-06-20 00:00:00,T,BB,0,2,0,,,,,,,0,0,0
21052,,D35300,나래에너지서비스,2026-06-19 00:00:00,T,AA-,0,2,0,2026-06-22 00:00:00,T,A1,2025-08-26 00:00:00,,,0,0,0
12531,,G46441,남신약품,2026-07-01 00:00:00,T,BB-,0,1,0,,,,,,,0,0,0
00000,,D35300,내포그린에너지,,,,0,0,0,,,,2026-04-24 00:00:00,T,A-,0,1,0
03364,,C26100,네패스,2026-07-01 00:00:00,T,BB+,0,1,0,,,,,,,0,0,0
00235,,C22111,넥센타이어,2026-05-15 00:00:00,T,A,0,2,0,2026-05-18 00:00:00,T,A2,2025-06-20 00:00:00,T,A,0,1,0
25127,,J58211,넷마블,2026-06-16 00:00:00,T,A+,0,2,0,2026-06-16 00:00:00,T,A2+,,,,0,0,0
12928,,K66000,노무라금융투자,,,,0,0,0,,,,2025-09-01 00:00:00,T,AA-,0,1,0
14517,,C14000,노브랜드,2026-04-21 00:00:00,T,BB+,0,1,0,,,,,,,0,0,0
00628,,C21210,녹십자,2026-07-01 00:00:00,T,A+,0,2,0,,,,2025-01-16 00:00:00,,,0,0,0
00525,,M71500,녹십자홀딩스,2026-06-30 00:00:00,T,A+,0,2,0,,,,,,,0,0,0
07271,,K64992,농심홀딩스,2026-06-19 00:00:00,T,AA,0,2,0,2025-10-23 00:00:00,T,A1,,,,0,0,0
02074,,S96990,농어촌공사,2026-07-02 00:00:00,T,AAA,0,3,0,,,,2025-01-16 00:00:00,,,0,0,0
00000,,K64992,농협경제지주,,,,0,0,0,,,,2026-05-04 00:00:00,T,AAA,0,1,0
16626,,K64992,농협금융지주,2026-06-24 00:00:00,T,AAA,0,3,0,,,,2026-05-07 00:00:00,T,AAA,0,3,0
15373,,K64121,농협은행,2026-07-15 00:00:00,T,AAA,0,3,0,,,,2026-04-16 00:00:00,T,AAA,0,3,0
00000,,K64121,농협중앙회,2026-07-14 00:00:00,T,AAA,0,3,0,,,,2026-06-15 00:00:00,T,AAA,0,3,0
12931,,K64132,다올저축은행,,,,0,0,0,,,,2026-06-12 00:00:00,T,BBB,0,1,0
03021,,K66121,다올투자증권,2025-04-28 00:00:00,,,0,0,0,2026-06-30 00:00:00,T,A2-,2026-06-22 00:00:00,T,A-,0,1,0
02359,,J63110,다우기술,2026-06-25 00:00:00,T,A,0,2,0,,,,,,,0,0,0
06824,,C28110,다원시스,2026-04-01 00:00:00,T,D,0,0,0,,,,2025-01-16 00:00:00,,,0,0,0
18187,,H49211,대구교통공사,2026-06-30 00:00:00,T,AA+,0,3,0,,,,,,,0,0,0
09353,,L68129,대구도시개발공사,2026-03-27 00:00:00,T,AA+,0,3,0,,,,,,,0,0,0
00049,,C29210,대동,2026-06-24 00:00:00,T,BBB,0,2,0,2026-06-24 00:00:00,T,A3,2025-01-16 00:00:00,,,0,0,0
09949,,D35200,대륜이엔에스,2025-07-15 00:00:00,,,0,0,0,2026-05-29 00:00:00,T,A2-,2026-05-29 00:00:00,T,A-,2,0,0
08061,,G46739,대림,2026-04-15 00:00:00,T,A+,0,1,0,2025-12-22 00:00:00,T,A2+,2026-07-09 00:00:00,T,A+,0,1,0
00168,,C10740,대상,2026-06-29 00:00:00,T,AA-,0,3,0,,,,2026-06-23 00:00:00,T,AA-,0,1,0
08469,,K64992,대상홀딩스,2026-06-29 00:00:00,T,AA-,0,2,0,2026-04-29 00:00:00,T,A1,,,,0,0,0
11758,,D35200,대성에너지,2026-06-19 00:00:00,T,A+,0,2,0,,,,,,,0,0,0
01671,,M71500,대성홀딩스,2026-06-19 00:00:00,T,A+,0,2,0,,,,,,,0,0,0
10334,,K64999,대신에프앤아이,2026-05-12 00:00:00,T,A+,0,3,0,2026-05-13 00:00:00,T,A2+,,,,0,0,0
0007K,,L68120,대신자산신탁,2026-07-01 00:00:00,T,BBB+,0,2,0,,,,2026-07-01 00:00:00,T,BBB+,0,2,0
00000,,K64132,대신저축은행,,,,0,0,0,,,,2026-06-22 00:00:00,T,A-,0,1,0
00354,,K66121,대신증권,2026-07-09 00:00:00,T,AA-,0,3,0,2026-07-14 00:00:00,T,A1,,,,0,0,0
04704,,F41112,대우건설,2026-06-26 00:00:00,T,A,0,1,1,2026-06-26 00:00:00,T,A2,2026-06-22 00:00:00,T,A,0,0,1
06962,,C21200,대웅제약,2026-05-15 00:00:00,T,A+,0,2,0,,,,,,,0,0,0
12227,,F41000,대전도시공사,2026-07-15 00:00:00,T,AA+,0,3,0,,,,,,,0,0,0
16829,,H52914,대전천변고속도로,2026-06-26 00:00:00,T,AAA,0,2,0,,,,,,,0,0,0
00107,,C13200,대한방직,2026-05-15 00:00:00,T,BB,0,1,0,,,,,,,0,0,0
00144,,C28302,대한전선,2026-06-29 00:00:00,T,A,0,3,0,,,,2026-06-29 00:00:00,T,A,0,3,0
00179,,C10600,대한제당,2026-06-26 00:00:00,T,A-,0,2,0,,,,,,,0,0,0
13393,,K64201,대한토지신탁,2026-06-22 00:00:00,T,BBB+,0,1,0,2025-11-28 00:00:00,T,A3+,2026-06-22 00:00:00,T,BBB+,0,1,0
00349,,H51100,대한항공,2026-05-28 00:00:00,T,A,3,0,0,,,,,,,0,0,0
00588,,H50112,대한해운,,,,0,0,0,2026-01-02 00:00:00,T,A3+,2026-07-03 00:00:00,T,BBB+,0,2,0
32639,,C22190,대흥알앤티,2025-06-30 00:00:00,T,BB,0,1,0,,,,,,,0,0,0
00000,,K64132,더케이저축은행,,,,0,0,0,,,,2026-06-01 00:00:00,T,BBB-,0,1,0
19303,,K64911,도이치파이낸셜,,,,0,0,0,,,,2026-05-11 00:00:00,T,BBB,0,1,0
18270,,D35113,동두천드림파워,,,,0,0,0,,,,2026-06-26 00:00:00,T,A,0,2,0
00414,,H52990,동방,2026-06-23 00:00:00,T,BBB,0,1,0,2026-06-30 00:00:00,T,A3,,,,0,0,0
02482,,K64132,동부저축은행,,,,0,0,0,,,,2026-06-05 00:00:00,T,A-,0,1,0
46710,,C30000,동서기공,2026-06-24 00:00:00,T,B+,0,1,0,,,,,,,0,0,0
10352,,F42000,동성중공업,2026-06-25 00:00:00,T,BB-,0,1,0,,,,,,,0,0,0
00064,,K64992,동아쏘시오홀딩스,2026-06-30 00:00:00,T,A,0,3,0,,,,,,,0,0,0
17090,,C21210,동아에스티,2026-06-30 00:00:00,T,A+,0,1,2,,,,,,,0,0,0
04977,,C10700,동원F&B,2026-06-29 00:00:00,T,A+,2,0,0,2026-06-29 00:00:00,T,A1,,,,0,0,0
44725,,F41000,동원건설산업,2025-06-30 00:00:00,T,BBB-,0,2,0,,,,,,,0,0,0
01850,,C30300,동원금속,2025-08-21 00:00:00,T,BB-,0,1,0,,,,2025-08-26 00:00:00,T,BB,0,1,0
00604,,K64992,동원산업,2026-07-01 00:00:00,T,AA-,0,3,0,2026-07-01 00:00:00,T,A1,2025-01-16 00:00:00,,,0,0,0
01482,,C22200,동원시스템즈,2026-06-29 00:00:00,T,A+,0,3,0,,,,,,,0,0,0
11234,,C24130,동원파이프,2025-05-28 00:00:00,T,B,0,1,0,,,,,,,0,0,0
00489,,C24113,동일산업,,,,0,0,0,,,,2026-06-22 00:00:00,T,BBB-,0,1,0
02590,,C16212,동화기업,2026-05-19 00:00:00,T,BBB+,0,2,0,2026-05-19 00:00:00,T,A3+,2025-08-26 00:00:00,,,0,0,0
00015,,K64992,두산,2026-06-30 00:00:00,T,BBB+,2,0,0,2025-12-26 00:00:00,T,A3+,,,,0,0,0
03402,,C29119,두산에너빌리티,2026-06-24 00:00:00,T,A-,0,2,0,2026-06-24 00:00:00,T,A2-,,,,0,0,0
33626,,C28111,두산퓨얼셀,2026-07-01 00:00:00,T,BBB,0,0,2,,,,,,,0,0,0
00000,,K64122,디비에스은행서울지점,,,,0,0,0,,,,2026-07-01 00:00:00,T,AAA,0,1,0
05966,,K64913,디비캐피탈,2026-06-05 00:00:00,T,BBB+,0,2,0,2026-06-05 00:00:00,T,A3+,,,,0,0,0
09220,,C30300,디아이씨,2026-06-30 00:00:00,T,BB,0,1,0,,,,,,,0,0,0
37719,,L68100,디앤디플랫폼리츠,2026-02-27 00:00:00,,,0,0,0,,,,2026-03-03 00:00:00,T,A-,0,3,0
10478,,K66120,디에스투자증권,,,,0,0,0,2026-05-27 00:00:00,T,A2-,2026-04-01 00:00:00,T,A-,0,2,0
21955,,G46400,디와이디,2026-06-30 00:00:00,T,B-,0,0,2,,,,,,,0,0,0
00288,,C30300,디와이에이,2026-06-26 00:00:00,T,B-,0,1,0,,,,,,,0,0,0
00082,,F41112,롯데건설,2026-07-01 00:00:00,T,A,0,3,0,2026-04-30 00:00:00,T,A2,,,,0,0,0
04083,,H52990,롯데글로벌로지스,2026-06-30 00:00:00,T,A,0,2,0,2025-12-30 00:00:00,T,A2,,,,0,0,0
08986,,N76110,롯데렌탈,2026-07-06 00:00:00,T,A+,0,3,0,2026-07-03 00:00:00,T,A2+,2024-12-09 00:00:00,,,0,0,0
03101,,L68100,롯데물산,2026-06-29 00:00:00,F,A+,0,2,1,2026-06-29 00:00:00,F,A2+,2025-01-16 00:00:00,,,0,0,0
02353,,G47111,롯데쇼핑,2026-05-27 00:00:00,T,AA-,0,3,0,2026-05-27 00:00:00,T,A1,2026-05-27 00:00:00,T,AA-,0,1,0
28036,,C10713,롯데웰푸드,2026-06-29 00:00:00,T,AA,0,3,0,2026-06-29 00:00:00,T,A1,,,,0,0,0
03103,,G46100,롯데지알에스,2026-06-15 00:00:00,T,A,0,1,0,2026-07-06 00:00:00,T,A2,2026-04-13 00:00:00,,,0,0,0
00499,,K64992,롯데지주,2026-06-30 00:00:00,T,A+,0,3,0,2026-06-29 00:00:00,T,A2+,,,,0,0,0
00530,,C11209,롯데칠성음료,2026-06-25 00:00:00,T,AA,0,3,0,2026-06-26 00:00:00,T,A1,2025-01-16 00:00:00,,,0,0,0
03062,,K64913,롯데카드,2026-06-30 00:00:00,T,AA-,0,3,0,2026-06-01 00:00:00,T,A1,,,,0,0,0
02969,,K64913,롯데캐피탈,2026-06-29 00:00:00,T,A+,0,3,0,2026-06-29 00:00:00,T,A2+,2025-01-16 00:00:00,,,0,0,0
01117,,C20111,롯데케미칼,2026-06-23 00:00:00,T,AA-,0,0,2,2026-06-23 00:00:00,T,A1,2026-06-22 00:00:00,T,AA-,0,0,1
07184,,G47320,롯데하이마트,2026-06-08 00:00:00,T,A+,0,3,0,2026-06-08 00:00:00,T,A2+,,,,0,0,0
00000,,E37010,리뉴어스,,,,0,0,0,,,,2026-05-26 00:00:00,T,BBB,0,1,0
04413,,K66121,리딩투자증권,,,,0,0,0,2026-03-31 00:00:00,T,A3+,2026-04-02 00:00:00,T,BBB+,2,0,0
26798,,C10501,매일유업,2026-05-14 00:00:00,T,AA-,0,3,0,,,,2025-01-16 00:00:00,,,0,0,0
08898,,K64201,맥쿼리인프라,2026-06-18 00:00:00,T,AA,0,3,0,,,,2025-01-16 00:00:00,,,0,0,0
13804,,K64992,메리츠금융지주,2026-06-29 00:00:00,T,AA,0,2,0,2026-06-29 00:00:00,T,A1,,,,0,0,0
00856,,K66121,메리츠증권,2026-07-07 00:00:00,T,AA,0,2,0,2026-06-24 00:00:00,T,A1,2026-04-16 00:00:00,T,AA,0,2,0
16937,,K64910,메리츠캐피탈,2026-06-18 00:00:00,T,A+,0,2,0,2026-06-22 00:00:00,T,A2+,2026-06-18 00:00:00,T,A+,0,1,0
02358,,K64132,모아저축은행,,,,0,0,0,,,,2026-06-15 00:00:00,T,BBB,0,1,0
35577,,F42200,무경설비,2026-04-17 00:00:00,T,BB,0,1,0,,,,,,,0,0,0
00920,,C17120,무림페이퍼,2026-04-17 00:00:00,T,A-,0,0,2,2025-11-25 00:00:00,T,A2-,,,,0,0,0
03632,,K64201,미래에셋자산운용,2026-06-22 00:00:00,T,AA,0,2,0,,,,,,,0,0,0
00680,,K66121,미래에셋증권,2026-07-15 00:00:00,T,AA,0,3,0,2026-06-29 00:00:00,T,A1,,,,0,0,0
08297,,K64919,미래에셋캐피탈,2026-07-10 00:00:00,T,AA-,0,3,0,2026-06-12 00:00:00,T,A1,,,,0,0,0
00000,,K64132,바로저축은행,,,,0,0,0,,,,2026-04-03 00:00:00,T,BBB-,0,1,0
10768,,F41112,반도건설,,,,0,0,0,2026-05-26 00:00:00,T,A3+,2026-05-26 00:00:00,T,BBB+,0,1,0
16716,,K64913,벤츠파이낸셜서비스,2026-06-22 00:00:00,T,A+,0,3,0,,,,,,,0,0,0
45895,,M72000,벽산파워,2025-03-07 00:00:00,T,D,0,0,0,,,,,,,0,0,0
00385,,C21200,보령,2026-06-24 00:00:00,T,A,0,2,0,,,,2025-06-19 00:00:00,,,0,0,0
19205,,D35200,보령엘엔지터미널,2026-03-27 00:00:00,T,AA,0,2,0,,,,2026-03-27 00:00:00,T,AA,0,2,0
14060,,H49211,부산교통공사,2026-06-17 00:00:00,T,AAA,0,3,0,2026-06-16 00:00:00,T,A1,,,,0,0,0
10468,,F41000,부산도시공사,2026-06-30 00:00:00,T,AA+,0,3,0,,,,2025-01-16 00:00:00,,,0,0,0
00528,,K64121,부산은행,2026-06-30 00:00:00,T,AAA,0,3,0,,,,2026-06-01 00:00:00,T,AAA,0,3,0
10047,,L68210,부산항만공사,2026-06-05 00:00:00,T,AAA,0,3,0,2026-06-05 00:00:00,T,A1,2026-06-02 00:00:00,T,AAA,0,1,0
28524,,K66199,비바리퍼블리카,,,,0,0,0,2026-04-27 00:00:00,T,A2,2026-04-27 00:00:00,T,A,0,1,0
11124,,C21210,비보존제약,,,,0,0,0,,,,2025-06-17 00:00:00,T,B-,0,1,0
03132,,K64913,비씨카드,2026-07-01 00:00:00,T,AA+,0,3,0,2026-07-02 00:00:00,T,A1,2025-08-26 00:00:00,,,0,0,0
00869,,F41221,비에스한양,2026-06-22 00:00:00,T,BBB+,0,1,0,2026-06-24 00:00:00,T,A3+,,,,0,0,0
00000,,K64132,비엔케이저축은행,,,,0,0,0,,,,2026-07-01 00:00:00,T,A,0,0,1
14576,,K64911,비엔케이캐피탈,2026-06-23 00:00:00,T,AA-,0,3,0,2026-05-22 00:00:00,T,A1,2026-06-15 00:00:00,T,AA-,0,1,0
00518,,C10501,빙그레,2026-06-24 00:00:00,T,AA-,0,2,0,,,,2025-01-16 00:00:00,,,0,0,0
04725,,K64912,산업은행,2026-07-10 00:00:00,T,AAA,0,3,0,,,,2026-04-13 00:00:00,T,AAA,0,2,0
00827,,K64911,산은캐피탈,2026-06-30 00:00:00,T,AA-,0,3,0,2026-04-28 00:00:00,T,A1,,,,0,0,0
36217,,C26420,삼광,2026-06-30 00:00:00,T,BB-,0,1,0,,,,,,,0,0,0
00561,,C10712,삼립,2026-06-18 00:00:00,T,A+,0,2,0,,,,,,,0,0,0
05370,,C30300,삼보모터스,2026-06-24 00:00:00,T,BB+,0,1,0,,,,,,,0,0,0
44873,,L68110,삼성FN리츠,2026-03-03 00:00:00,T,A+,0,2,0,,,,2025-09-08 00:00:00,T,A+,0,1,0
02826,,G46700,삼성물산,2026-04-23 00:00:00,T,AA+,0,3,0,2026-04-16 00:00:00,T,A1,,,,0,0,0
20794,,C21102,삼성바이오로직스,2026-07-02 00:00:00,T,AA,0,3,0,,,,,,,0,0,0
01014,,C31110,삼성중공업,2026-06-02 00:00:00,T,A-,2,0,0,2026-06-02 00:00:00,T,A2-,2026-06-02 00:00:00,T,A-,2,0,0
01636,,K66121,삼성증권,2026-06-22 00:00:00,T,AA+,0,3,0,2026-06-09 00:00:00,T,A1,2026-05-20 00:00:00,T,AA+,0,2,0
02978,,K64913,삼성카드,2026-07-01 00:00:00,T,AA+,0,3,0,2026-06-01 00:00:00,T,A1,2026-06-10 00:00:00,T,AA+,0,1,0
14599,,C10720,삼양사,2026-07-01 00:00:00,T,AA-,0,3,0,2026-03-26 00:00:00,T,A1,,,,0,0,0
00323,,C10700,삼양식품,2026-04-09 00:00:00,T,AA-,0,3,0,2025-12-15 00:00:00,T,A1,,,,0,0,0
27255,,C22232,삼양패키징,2026-05-15 00:00:00,T,A-,0,2,0,,,,,,,0,0,0
15035,,D35110,삼척블루파워,2026-04-28 00:00:00,T,A+,0,2,0,,,,,,,0,0,0
00469,,D35200,삼천리,2026-05-27 00:00:00,T,AA+,0,3,0,2026-05-27 00:00:00,T,A1,2025-01-16 00:00:00,,,0,0,0
00000,,K64132,상호저축은행중앙회,,,,0,0,0,,,,2026-06-26 00:00:00,T,AA+,0,1,0
20088,,C30300,서연이화,,,,0,0,0,,,,2026-06-30 00:00:00,T,A-,0,2,0
27432,,H49211,서울교통공사,2026-06-30 00:00:00,T,AAA,0,3,0,2026-05-27 00:00:00,T,A1,,,,0,0,0
03121,,K65122,서울보증보험,,,,0,0,0,,,,2026-06-29 00:00:00,T,AAA,0,2,0
08381,,F41000,서울주택도시공사,2026-06-05 00:00:00,T,AAA,0,3,0,2026-06-05 00:00:00,T,A1,,,,0,0,0
17832,,C26429,서진시스템,2025-06-04 00:00:00,T,BB+,0,1,0,,,,,,,0,0,0
07034,,C30000,서진캠,2026-05-12 00:00:00,T,BB+,0,1,0,,,,,,,0,0,0
00849,,C20490,서흥,2026-06-16 00:00:00,T,A-,0,2,0,,,,,,,0,0,0
03589,,F41120,서희건설,,,,0,0,0,2026-06-23 00:00:00,T,A3+,2026-06-23 00:00:00,T,BBB+,0,1,0
01575,,C30300,성우하이텍,2026-05-04 00:00:00,T,A-,0,1,0,,,,,,,0,0,0
12165,,E38310,성호기업,2026-06-01 00:00:00,T,BB-,0,1,0,,,,,,,0,0,0
42708,,C24119,세아베스틸,2026-06-23 00:00:00,T,A+,0,2,0,2026-06-22 00:00:00,T,A2+,,,,0,0,0
00143,,C24110,세아베스틸지주,2026-06-30 00:00:00,T,A+,0,2,0,2026-06-30 00:00:00,T,A2+,,,,0,0,0
30620,,C24130,세아제강,2026-06-11 00:00:00,T,A+,0,2,0,,,,,,,0,0,0
00303,,K64992,세아제강지주,2026-06-29 00:00:00,T,A,0,2,0,2026-06-29 00:00:00,T,A2,,,,0,0,0
03243,,C24123,세아창원특수강,2026-04-01 00:00:00,T,A+,0,2,0,2026-03-30 00:00:00,T,A2+,,,,0,0,0
05865,,C24100,세아홀딩스,2026-06-30 00:00:00,T,A,0,3,0,2026-06-22 00:00:00,T,A2,,,,0,0,0
34510,,G47711,세일석유,2026-06-18 00:00:00,T,BB,0,1,0,,,,,,,0,0,0
0119E,,H49200,세종도시교통공사,2026-06-24 00:00:00,T,AA+,0,3,0,,,,,,,0,0,0
00443,,C20499,송원산업,,,,0,0,0,,,,2026-05-29 00:00:00,T,A,0,1,0
25961,,K64121,수협은행,2026-05-21 00:00:00,T,AAA,0,3,0,,,,2026-05-13 00:00:00,T,AAA,0,2,0
10035,,K64121,수협중앙회,2026-06-17 00:00:00,T,AAA,0,3,0,,,,2026-06-15 00:00:00,T,AAA,0,1,0
00011,,K64121,스탠다드차타드은행,2026-06-30 00:00:00,T,AAA,0,3,0,,,,2026-06-30 00:00:00,T,AAA,0,2,0
06768,,C14112,시선인터내셔널,2026-06-17 00:00:00,T,BB,0,1,0,,,,,,,0,0,0
12422,,G46441,신성약품,2026-05-07 00:00:00,T,BB-,0,1,0,,,,,,,0,0,0
01193,,C26120,신성이엔지,,,,0,0,0,,,,2025-07-09 00:00:00,T,BB-,0,1,0
00539,,G46700,신성통상,2025-12-04 00:00:00,T,BBB+,0,1,0,2025-05-19 00:00:00,T,A3+,,,,0,0,0
00417,,G47111,신세계,2026-06-15 00:00:00,T,AA,0,3,0,2026-06-15 00:00:00,T,A1,2025-01-16 00:00:00,,,0,0,0
03430,,F41120,신세계건설,2026-06-16 00:00:00,T,A-,0,1,0,2026-06-25 00:00:00,T,A2-,,,,0,0,0
03709,,H52912,신세계센트럴,2026-06-12 00:00:00,T,AA-,0,2,0,2026-06-12 00:00:00,T,A1,2025-01-16 00:00:00,,,0,0,0
03144,,I56130,신세계푸드,2026-06-12 00:00:00,T,A+,0,3,0,,,,2025-01-16 00:00:00,,,0,0,0
33238,,L68120,신세계프라퍼티,2025-06-25 00:00:00,T,A+,0,1,0,2024-12-30 00:00:00,T,A2+,,,,0,0,0
07594,,C30000,신영,2025-07-14 00:00:00,T,BB,0,1,0,,,,,,,0,0,0
00000,,K64201,신영부동산신탁,,,,0,0,0,,,,2025-11-28 00:00:00,T,BBB,0,1,0
00172,,K66121,신영증권,2026-07-13 00:00:00,T,AA-,0,2,0,2026-03-25 00:00:00,T,A1,2026-07-10 00:00:00,T,AA-,0,2,0
00927,,C14112,신원,2026-05-04 00:00:00,T,BBB-,0,1,1,,,,,,,0,0,0
40499,,L68112,신한서부티엔디리츠,,,,0,0,0,,,,2026-05-22 00:00:00,T,A-,0,1,0
00001,,K64121,신한은행,2026-06-30 00:00:00,T,AAA,0,3,0,,,,2026-04-10 00:00:00,T,AAA,0,3,0
29029,,K64999,신한자산신탁,2026-05-22 00:00:00,T,A-,0,0,2,2026-05-26 00:00:00,T,A2-,2026-05-22 00:00:00,T,A-,0,0,2
00000,,K64132,신한저축은행,,,,0,0,0,,,,2026-05-18 00:00:00,T,A,0,1,0
05555,,K64992,신한지주,2026-06-25 00:00:00,T,AAA,0,3,0,2026-06-30 00:00:00,T,A1,2026-04-16 00:00:00,T,AAA,0,1,0
03271,,K64913,신한카드,2026-06-30 00:00:00,T,AA+,0,3,0,2026-06-01 00:00:00,T,A1,2026-04-01 00:00:00,T,AA+,0,3,0
02378,,K64911,신한캐피탈,2026-07-15 00:00:00,T,AA-,0,3,0,2026-06-23 00:00:00,T,A1,2026-05-27 00:00:00,T,AA-,0,3,0
00867,,K66121,신한투자증권,2026-07-02 00:00:00,T,AA,0,3,0,2026-06-26 00:00:00,T,A1,,,,0,0,0
01265,,F41221,쌍용건설,,,,0,0,0,2026-06-01 00:00:00,T,A3,2026-06-01 00:00:00,T,BBB,0,2,0
00341,,C23311,쌍용씨앤이,2026-06-24 00:00:00,T,A-,0,3,0,2026-06-19 00:00:00,T,A2-,,,,0,0,0
00000,,D35200,씨엔씨티에너지,,,,0,0,0,,,,2026-05-29 00:00:00,T,A,0,1,0
00000,,D35110,씨지앤율촌전력,,,,0,0,0,,,,2026-04-24 00:00:00,T,A+,0,1,0
00000,,D35110,씨지앤코리아홀딩스,,,,0,0,0,,,,2026-04-24 00:00:00,T,A+,0,1,0
00000,,K64132,아이비케이저축은행,,,,0,0,0,,,,2026-06-23 00:00:00,T,A-,0,1,0
01945,,K64919,아이비케이캐피탈,2026-06-16 00:00:00,T,AA-,0,3,0,2026-06-16 00:00:00,T,A1,2025-08-26 00:00:00,,,0,0,0
01078,,C23320,아이에스동서,2026-05-08 00:00:00,T,BBB,0,1,0,2026-06-29 00:00:00,T,A3,,,,0,0,0
00527,,K64121,아이엠뱅크,2026-06-30 00:00:00,T,AAA,0,3,0,,,,2026-03-31 00:00:00,T,AAA,0,3,0
03001,,K66121,아이엠증권,2026-07-14 00:00:00,T,A+,0,2,0,2026-07-02 00:00:00,T,A1,2025-01-16 00:00:00,,,0,0,0
17694,,K64911,아이엠캐피탈,2026-07-13 00:00:00,T,AA-,0,3,0,2026-06-16 00:00:00,T,A1,2025-01-16 00:00:00,,,0,0,0
13999,,C24190,아주스틸,2026-04-15 00:00:00,T,BB,0,1,0,,,,,,,0,0,0
01331,,C30300,아진산업,2026-07-01 00:00:00,T,BB-,0,1,0,,,,,,,0,0,0
45223,,F41000,안산도시공사,2026-05-27 00:00:00,T,AA,0,3,0,,,,,,,0,0,0
0011W,,L68129,안양도시공사,2026-06-12 00:00:00,T,AA,0,2,0,,,,,,,0,0,0
00178,,C24222,알루코,2026-06-25 00:00:00,T,BBB-,0,1,0,,,,2026-04-14 00:00:00,,,0,0,0
13630,,K64913,알씨아이파이낸셜,2026-07-01 00:00:00,T,A+,0,3,0,,,,,,,0,0,0
00000,,K64132,애큐온저축은행,,,,0,0,0,,,,2026-04-29 00:00:00,T,BBB,0,1,0
09523,,K64913,애큐온캐피탈,2026-07-01 00:00:00,T,A,0,2,0,2026-07-01 00:00:00,T,A2,,,,0,0,0
10996,,G46700,앱토크롬,2026-06-30 00:00:00,T,B-,0,2,0,,,,,,,0,0,0
00000,,J62010,에너닷,,,,0,0,0,,,,2026-05-26 00:00:00,T,B-,0,1,0
00000,,K64132,에스비아이저축은행,,,,0,0,0,,,,2026-06-29 00:00:00,T,A,0,2,0
03933,,J59130,에스엘엘중앙,2026-06-16 00:00:00,F,B-,0,0,2,2026-06-16 00:00:00,F,C,,,,0,0,0
29138,,C20121,에스케이머티리얼즈에어플러스,2026-06-30 00:00:00,T,A-,0,1,0,2025-12-22 00:00:00,T,A2-,2025-01-16 00:00:00,,,0,0,0
00000,,K64992,에스케이스퀘어,,,,0,0,0,2026-06-24 00:00:00,T,A1,2026-03-12 00:00:00,T,AA+,0,1,0
20635,,C20111,에스케이어드밴스드,2026-06-15 00:00:00,F,BBB,0,1,1,2026-06-15 00:00:00,F,A3,,,,0,0,0
00334,,F41229,에스케이에코플랜트,2026-06-30 00:00:00,T,A-,0,3,0,2026-07-02 00:00:00,T,A2-,,,,0,0,0
40471,,C28202,에스케이온,2026-06-30 00:00:00,T,A+,0,3,0,2026-06-30 00:00:00,T,A2+,2025-01-16 00:00:00,,,0,0,0
18165,,C19210,에스케이인천석유화학,2026-06-19 00:00:00,T,A+,0,3,0,2026-06-19 00:00:00,T,A2+,2025-01-16 00:00:00,,,0,0,0
39312,,C20100,에스케이피아이씨글로벌,,,,0,0,0,2026-06-19 00:00:00,T,A2-,2026-06-19 00:00:00,T,A-,0,0,2
34800,,D35113,에스파워,,,,0,0,0,,,,2026-05-13 00:00:00,T,A+,0,1,0
01913,,G46800,에이션패션,2025-12-19 00:00:00,T,BBB-,0,2,0,,,,,,,0,0,0
00405,,C19210,에이치디현대오일뱅크,2026-06-29 00:00:00,T,AA-,0,3,0,2026-06-26 00:00:00,T,A1,2025-01-16 00:00:00,,,0,0,0
21032,,H50112,에이치라인해운,,,,0,0,0,2025-12-19 00:00:00,T,A2-,2026-06-15 00:00:00,T,A-,0,3,0
22788,,K64913,에이캐피탈,,,,0,0,0,2026-05-11 00:00:00,T,A3-,2026-05-04 00:00:00,T,BBB-,0,1,0
00000,,C20423,에이피알,,,,0,0,0,,,,2026-04-22 00:00:00,T,A,0,1,0
33557,,E37011,에코비트,2026-07-01 00:00:00,T,A+,0,2,0,2026-07-01 00:00:00,T,A2+,,,,0,0,0
08652,,K64992,에코프로,2026-04-23 00:00:00,F,BBB+,0,2,0,2026-03-16 00:00:00,F,A3+,2025-01-16 00:00:00,,,0,0,0
05494,,F42400,엑사이엔씨,2026-06-08 00:00:00,T,BB,0,1,0,,,,,,,0,0,0
09724,,K64913,엔에이치농협캐피탈,2026-07-13 00:00:00,T,AA-,0,3,0,2026-06-30 00:00:00,T,A1,2025-01-16 00:00:00,,,0,0,0
00000,,G46800,엔에이치인터내셔널,,,,0,0,0,,,,2026-05-22 00:00:00,T,B+,0,1,0
00000,,K64132,엔에이치저축은행,,,,0,0,0,,,,2026-06-23 00:00:00,T,A-,0,1,0
34837,,C20119,엔켐,2026-06-30 00:00:00,T,BB,0,0,2,,,,,,,0,0,0
22516,,K64992,엘아이지,,,,0,0,0,2026-06-29 00:00:00,T,A1,2026-06-24 00:00:00,T,AA-,0,2,0
06697,,C28202,엘앤에프,2026-05-15 00:00:00,F,BB,0,1,1,,,,,,,0,0,0
10424,,C29000,엘에스엠트론,2026-06-24 00:00:00,T,A,0,1,1,2026-06-24 00:00:00,T,A2,2025-01-16 00:00:00,,,0,0,0
49130,,C30390,엘에스오토모티브테크놀로지스,,,,0,0,0,2025-12-23 00:00:00,T,A3,2026-06-18 00:00:00,T,BBB,0,1,0
01012,,C28121,엘에스일렉트릭,2026-06-24 00:00:00,T,AA-,3,0,0,2026-06-24 00:00:00,T,A1,,,,0,0,0
10423,,C28300,엘에스전선,2026-06-30 00:00:00,T,A+,3,0,0,2026-06-30 00:00:00,T,A1,,,,0,0,0
00000,,C29120,엠앤씨솔루션,,,,0,0,0,,,,2026-05-11 00:00:00,T,BBB,0,1,0
32323,,C14300,엠에프엠코리아,2026-02-02 00:00:00,T,D,0,0,0,,,,,,,0,0,0
04629,,K64911,엠지캐피탈,2026-07-15 00:00:00,T,A,0,3,0,2026-06-15 00:00:00,T,A2,,,,0,0,0
00000,,D35100,엠피씨대산전력,,,,0,0,0,,,,2026-04-24 00:00:00,T,A,0,1,0
00000,,F41223,여수광양항만공사,2026-06-29 00:00:00,T,AAA,0,3,0,,,,2025-01-16 00:00:00,,,0,0,0
13179,,K64999,연합자산관리,2026-06-25 00:00:00,T,AA,0,3,0,2026-06-25 00:00:00,T,A1,,,,0,0,0
09543,,K64131,예가람저축은행,,,,0,0,0,,,,2026-06-26 00:00:00,T,BBB,0,1,0
AB526,,K64999,예금보험공사,,,,0,0,0,,,,2026-06-19 00:00:00,T,AAA,0,2,0
29398,,D35200,예스코,2026-06-24 00:00:00,T,AA-,0,2,0,,,,,,,0,0,0
00000,,K64122,오버시차이니스뱅킹코퍼레이션,,,,0,0,0,,,,2026-07-01 00:00:00,T,AAA,0,1,0
15377,,H52104,오일허브코리아여수,2026-06-29 00:00:00,T,A+,0,2,0,,,,,,,0,0,0
00000,,K64919,오케이에프앤아이대부,,,,0,0,0,2026-07-13 00:00:00,T,A3,2025-08-14 00:00:00,T,BBB-,0,1,0
06717,,C30400,오텍,2026-06-23 00:00:00,T,BB-,0,0,2,,,,,,,0,0,0
00753,,C25900,와이엠,2026-06-30 00:00:00,T,BB-,0,1,0,,,,,,,0,0,0
00000,,H49301,용마로지스,,,,0,0,0,,,,2026-06-15 00:00:00,T,BBB+,0,1,0
12929,,C30000,용산,2026-05-13 00:00:00,T,BB-,0,1,0,,,,,,,0,0,0
12941,,L68129,용인도시공사,2026-06-29 00:00:00,T,AA,0,3,0,,,,,,,0,0,0
07659,,C25990,용진스테코,2026-06-02 00:00:00,T,BB-,0,1,0,,,,,,,0,0,0
45378,,K64999,우리금융에프앤아이,2026-06-26 00:00:00,T,A,0,3,0,2026-06-26 00:00:00,T,A2,2025-08-26 00:00:00,,,0,0,0
00000,,K64132,우리금융저축은행,,,,0,0,0,,,,2026-05-07 00:00:00,T,A,0,1,0
31614,,K64992,우리금융지주,2026-06-24 00:00:00,T,AAA,0,3,0,,,,2026-05-04 00:00:00,T,AAA,0,3,0
03366,,K64911,우리금융캐피탈,2026-07-13 00:00:00,T,AA-,0,3,0,2026-06-29 00:00:00,T,A1,,,,0,0,0
21536,,C30300,우리산업,2026-05-15 00:00:00,T,BB,0,1,0,,,,,,,0,0,0
07356,,C10100,우리손에프앤지,2026-06-29 00:00:00,T,BBB,0,1,0,,,,,,,0,0,0
15571,,J62021,우리에프아이에스,,,,0,0,0,,,,2026-06-16 00:00:00,T,A+,0,1,0
00003,,K64121,우리은행,2026-06-30 00:00:00,T,AAA,0,3,0,,,,2026-04-21 00:00:00,T,AAA,0,3,0
00000,,K64999,우리자산신탁,,,,0,0,0,,,,2026-06-26 00:00:00,T,A,0,0,1
17414,,K64913,우리카드,2026-06-30 00:00:00,T,AA,0,3,0,2026-06-30 00:00:00,T,A1,2026-05-04 00:00:00,T,AA,0,3,0
43647,,K66121,우리투자증권,2025-07-15 00:00:00,,,0,0,0,2026-07-02 00:00:00,T,A1,2026-07-01 00:00:00,T,A+,1,1,0
17536,,F41112,우미건설,,,,0,0,0,2025-06-30 00:00:00,T,A3+,2026-06-25 00:00:00,T,BBB+,0,1,0
39213,,C31202,우진산전,2025-08-25 00:00:00,T,BB,0,1,0,,,,,,,0,0,0
10841,,F41112,울산도시공사,2026-06-18 00:00:00,T,AA+,0,3,0,,,,,,,0,0,0
19226,,H52921,울산항만공사,2026-07-01 00:00:00,T,AAA,0,3,0,,,,2026-06-18 00:00:00,T,AAA,0,1,0
00000,,K64132,웰컴저축은행,,,,0,0,0,,,,2026-06-29 00:00:00,T,BBB,0,1,0
00000,,D35300,위드인천에너지,,,,0,0,0,,,,2026-06-26 00:00:00,T,BBB,0,1,0
00860,,G46413,윌비스,2026-04-14 00:00:00,T,CCC,0,0,1,,,,,,,0,0,0
01800,,C29119,유니슨,2025-07-01 00:00:00,T,B+,0,2,0,,,,2025-01-16 00:00:00,,,0,0,0
01133,,C30300,유니켐,2026-06-26 00:00:00,T,BB-,0,0,2,,,,,,,0,0,0
05493,,M72111,유신,,,,0,0,0,,,,2026-06-29 00:00:00,T,BBB+,0,1,0
33870,,C30000,유신정밀,2025-06-12 00:00:00,T,BB+,0,1,0,,,,,,,0,0,0
00000,,K64132,유안타저축은행,,,,0,0,0,,,,2026-06-26 00:00:00,T,BBB,0,1,0
00347,,K66121,유안타증권,2026-07-15 00:00:00,T,AA-,0,3,0,2026-06-30 00:00:00,T,A1,2026-06-30 00:00:00,T,AA-,0,3,0
00120,,K66121,유진증권,2026-06-25 00:00:00,T,A,0,2,0,2026-06-29 00:00:00,T,A2+,,,,0,0,0
00346,,K66121,유화증권,,,,0,0,0,,,,2026-06-08 00:00:00,T,A-,0,1,0
03565,,G47100,이랜드월드,2026-06-10 00:00:00,T,BBB,0,2,0,2026-04-13 00:00:00,T,A3,2025-01-16 00:00:00,,,0,0,0
08826,,L68112,이리츠코크렙,,,,0,0,0,,,,2025-12-08 00:00:00,T,BBB+,0,1,0
13948,,G47100,이마트,2026-06-29 00:00:00,T,AA-,0,3,0,2026-06-29 00:00:00,T,A1,2025-01-08 00:00:00,,,0,0,0
08689,,C21300,이수앱지스,2026-06-04 00:00:00,F,B+,0,2,0,,,,,,,0,0,0
00766,,C26220,이수페타시스,,,,0,0,0,,,,2026-05-13 00:00:00,T,BBB+,0,1,0
35052,,L68100,이지스레지던스리츠,2026-06-18 00:00:00,T,A-,0,2,0,,,,2026-06-18 00:00:00,T,A-,0,1,0
33489,,L68100,이지스밸류플러스리츠,2025-12-01 00:00:00,,,0,0,0,,,,2025-07-30 00:00:00,T,A-,0,1,0
13915,,K64201,이지스자산운용,2026-06-11 00:00:00,T,A-,0,3,0,2026-04-27 00:00:00,T,A2-,2026-06-09 00:00:00,,,0,0,0
03581,,C10800,이지홀딩스,,,,0,0,0,2026-06-23 00:00:00,T,A3+,2026-05-11 00:00:00,T,BBB+,0,1,0
35202,,H52912,인천교통공사,2026-06-30 00:00:00,T,AA+,0,3,0,,,,,,,0,0,0
06677,,H52931,인천국제공항공사,2026-06-05 00:00:00,T,AAA,0,3,0,2026-04-27 00:00:00,T,A1,2025-01-16 00:00:00,,,0,0,0
07758,,L68120,인천도시공사,2026-06-15 00:00:00,T,AA+,0,3,0,2026-06-12 00:00:00,T,A1,,,,0,0,0
11128,,H52921,인천항만공사,2026-06-30 00:00:00,T,AAA,0,3,0,,,,2026-05-29 00:00:00,T,AAA,0,1,0
01336,,F41221,일성건설,2026-04-22 00:00:00,T,BB,0,1,0,,,,,,,0,0,0
13547,,F41112,일신건영,2026-06-04 00:00:00,T,BB+,1,0,0,,,,,,,0,0,0
40529,,F41129,자이씨앤에이,,,,0,0,0,,,,2026-05-22 00:00:00,T,A,0,1,0
00000,,L68100,자이에스앤디,,,,0,0,0,,,,2026-06-25 00:00:00,T,A-,0,2,0
00000,,L68112,전국화물자동차운송사업연합회,,,,0,0,0,,,,2026-06-11 00:00:00,T,AA-,0,1,0
09959,,F41210,전남개발공사,2026-07-02 00:00:00,T,AA+,0,3,0,,,,2026-05-22 00:00:00,T,AA+,0,1,0
09984,,F41000,전북개발공사,,,,0,0,0,,,,2025-06-30 00:00:00,T,AA+,0,1,0
00635,,K64121,전북은행,2026-06-30 00:00:00,T,AA+,0,3,0,,,,2026-06-30 00:00:00,T,AA+,0,3,0
34895,,L68100,제이알글로벌리츠,2026-04-28 00:00:00,T,D,0,0,0,,,,2026-05-22 00:00:00,,,0,0,0
19437,,C15121,제이에스코퍼레이션,2026-06-26 00:00:00,T,BBB-,0,1,0,,,,,,,0,0,0
14048,,J60222,제이티비씨,2026-06-16 00:00:00,T,D,0,0,0,2026-06-16 00:00:00,T,D,,,,0,0,0
26527,,K64132,제이티친애저축은행,,,,0,0,0,,,,2026-05-18 00:00:00,T,BBB-,0,1,0
00622,,K64121,제주은행,2026-05-29 00:00:00,T,AA+,0,2,0,,,,2026-06-09 00:00:00,T,AA+,0,2,0
18575,,C21210,종근당,2026-06-18 00:00:00,T,AA-,0,2,0,,,,,,,0,0,0
00163,,C21200,종근당홀딩스,2026-06-18 00:00:00,T,A+,0,2,0,,,,,,,0,0,0
03524,,K65122,주택도시보증공사,2026-06-29 00:00:00,T,AAA,0,3,0,2026-06-29 00:00:00,T,A1,2026-06-29 00:00:00,T,AAA,0,3,0
00000,,K64122,중국건설은행,,,,0,0,0,,,,2026-06-09 00:00:00,T,AAA,0,2,0
00000,,K64122,중국공상은행,,,,0,0,0,,,,2026-06-18 00:00:00,T,AAA,0,2,0
00000,,K64122,중국은행,,,,0,0,0,,,,2026-06-30 00:00:00,T,AAA,0,1,0
10854,,K64991,중소벤처기업진흥공단,2026-06-25 00:00:00,T,AAA,0,3,0,2026-06-19 00:00:00,T,A1,2026-06-19 00:00:00,T,AAA,0,3,0
03004,,J58121,중앙일보,2026-06-23 00:00:00,F,D,0,0,1,2026-06-23 00:00:00,T,D,,,,0,0,0
02144,,F41000,중흥건설,,,,0,0,0,,,,2026-06-24 00:00:00,T,BBB,0,1,0
00000,,F41112,중흥토건,,,,0,0,0,2025-11-17 00:00:00,T,A3,2026-06-26 00:00:00,T,BBB,0,2,0
00000,,M71600,지앤비인프라테크,,,,0,0,0,,,,2026-06-30 00:00:00,T,B-,0,1,0
15225,,K64992,지에스에너지,2026-06-18 00:00:00,T,AA,0,2,0,2024-12-17 00:00:00,T,A1,2026-06-22 00:00:00,T,AA,0,2,0
06959,,D35300,지에스이앤알,2026-06-30 00:00:00,T,A+,0,3,0,,,,,,,0,0,0
06314,,D35113,지에스이피에스,2026-04-30 00:00:00,T,AA,0,3,0,2026-04-30 00:00:00,T,A1,2025-01-16 00:00:00,,,0,0,0
07132,,D35300,지역난방공사,2026-06-30 00:00:00,T,AAA,0,3,0,2026-06-30 00:00:00,T,A1,2026-06-22 00:00:00,T,AAA,0,1,0
00278,,F41221,진흥기업,,,,0,0,0,,,,2026-07-08 00:00:00,T,BBB-,0,1,0
08710,,H49301,천일정기화물자동차,2026-04-22 00:00:00,T,BB,0,1,0,,,,,,,0,0,0
09834,,L68129,충북개발공사,2026-06-10 00:00:00,T,AA+,0,3,0,,,,,,,0,0,0
10189,,F41000,충청남도개발공사,2026-05-13 00:00:00,T,AA+,0,2,0,,,,,,,0,0,0
00000,,K64121,카카오뱅크,,,,0,0,0,,,,2026-06-26 00:00:00,T,AA+,0,3,0
06555,,C30000,칼링크,2026-06-02 00:00:00,T,BB,0,1,0,,,,2025-01-16 00:00:00,,,0,0,0
05011,,C26290,캠시스,2026-05-14 00:00:00,T,BB,0,1,0,,,,,,,0,0,0
07834,,J58210,컴투스,2026-07-01 00:00:00,T,A-,0,2,0,,,,,,,0,0,0
39090,,K64132,케이비저축은행,,,,0,0,0,,,,2026-06-25 00:00:00,T,A-,0,1,0
14017,,K64913,케이비카드,2026-07-01 00:00:00,T,AA+,0,3,0,2026-06-02 00:00:00,T,A1,2026-04-23 00:00:00,T,AA+,0,3,0
00238,,C20411,케이씨씨,2026-04-30 00:00:00,T,AA-,0,3,0,2026-04-28 00:00:00,T,A1,2025-01-16 00:00:00,,,0,0,0
34482,,C23110,케이씨씨글라스,2026-07-01 00:00:00,T,AA-,0,1,2,2026-07-06 00:00:00,T,A1,,,,0,0,0
35075,,K64913,케이카캐피탈,2026-06-15 00:00:00,T,BBB+,0,3,0,2026-06-26 00:00:00,T,A3+,2026-06-26 00:00:00,T,BBB+,0,3,0
03020,,J61200,케이티,2026-06-23 00:00:00,T,AAA,0,3,0,2026-06-29 00:00:00,T,A1,2026-06-08 00:00:00,T,AAA,0,1,0
05321,,J60229,케이티스카이라이프,2026-06-05 00:00:00,T,AA-,0,3,0,,,,2025-01-16 00:00:00,,,0,0,0
03378,,C12000,케이티앤지,2026-05-04 00:00:00,T,AAA,0,3,0,2026-05-04 00:00:00,T,A1,,,,0,0,0
00000,,J60222,케이티에이치씨엔,,,,0,0,0,,,,2026-06-08 00:00:00,T,A+,0,1,0
10479,,K66120,케이프투자증권,,,,0,0,0,2026-05-04 00:00:00,T,A2-,2026-05-04 00:00:00,T,A-,0,1,0
00000,,L68112,코람코더원리츠,,,,0,0,0,,,,2025-09-30 00:00:00,T,A-,1,0,0
35712,,L68110,코람코라이프인프라리츠,,,,0,0,0,,,,2026-06-01 00:00:00,T,A-,0,2,0
23973,,K64201,코람코자산신탁,2026-06-15 00:00:00,T,A,0,1,0,2026-06-26 00:00:00,T,A2,2026-06-26 00:00:00,T,A,0,2,0
0052Y,,L68112,코람코주택도시기금,2026-06-15 00:00:00,T,AA-,0,1,0,,,,2026-04-15 00:00:00,,,0,0,0
12327,,G46100,코리아세븐,2026-06-29 00:00:00,T,A,0,0,3,2026-06-29 00:00:00,T,A2,,,,0,0,0
42060,,G46100,코리아에너지터미널,2026-06-29 00:00:00,T,AA-,0,3,0,,,,,,,0,0,0
19282,,C20423,코스맥스,2026-06-01 00:00:00,T,A-,0,1,0,,,,,,,0,0,0
00202,,K64992,코오롱,2025-06-02 00:00:00,T,BBB+,0,2,0,,,,,,,0,0,0
12011,,C20500,코오롱인더,2026-06-19 00:00:00,T,A,0,2,0,2026-06-19 00:00:00,T,A2,,,,0,0,0
02124,,S96900,코웨이,2026-06-05 00:00:00,T,AA-,0,2,0,2026-06-05 00:00:00,T,A1,,,,0,0,0
00000,,L68112,코크렙티피위탁관리,,,,0,0,0,,,,2026-05-29 00:00:00,T,A+,0,1,0
00000,,K64122,크레디아그리콜코퍼레이트,,,,0,0,0,,,,2026-06-12 00:00:00,T,AAA,0,1,0
42059,,K64999,키움에프앤아이,2026-05-15 00:00:00,T,A,0,2,0,2026-05-15 00:00:00,T,A2,2026-06-15 00:00:00,T,A,0,2,0
02976,,K64132,키움예스저축은행,,,,0,0,0,,,,2026-06-05 00:00:00,T,BBB,0,1,0
00000,,K64132,키움저축은행,,,,0,0,0,,,,2026-06-26 00:00:00,T,A-,0,0,1
03949,,K66121,키움증권,2026-07-15 00:00:00,T,AA,0,3,0,2026-06-30 00:00:00,T,A1,2026-07-01 00:00:00,T,AA,0,3,0
31010,,K64919,키움캐피탈,2026-07-13 00:00:00,T,A,0,3,0,2026-04-24 00:00:00,T,A2,2025-01-16 00:00:00,,,0,0,0
08516,,J62021,태광관광개발,2026-05-15 00:00:00,T,A,0,1,0,,,,2026-05-22 00:00:00,,,0,0,0
28614,,F41000,태왕이앤씨,2026-05-26 00:00:00,T,B,0,1,0,,,,,,,0,0,0
43948,,D35113,통영에코파워,2026-06-23 00:00:00,T,A+,3,0,0,2025-09-18 00:00:00,T,A2+,2026-06-18 00:00:00,T,A+,0,1,0
00000,,C14199,티피나디아,2026-06-18 00:00:00,T,BB,0,2,0,,,,,,,0,0,0
03423,,R91249,파라다이스,2026-04-21 00:00:00,T,A+,0,2,0,,,,2025-03-06 00:00:00,,,0,0,0
21559,,D35113,파주에너지서비스 주식회사,2026-06-19 00:00:00,T,AA-,0,2,0,,,,,,,0,0,0
01191,,H52990,판토스,2026-06-02 00:00:00,T,AA-,0,2,0,,,,,,,0,0,0
12913,,C20320,팜한농,2026-06-18 00:00:00,T,A,0,2,0,,,,2025-01-16 00:00:00,,,0,0,0
35554,,C14000,패션그룹형지,2026-04-21 00:00:00,T,B+,0,0,1,,,,,,,0,0,0
02867,,H50112,팬오션,2026-04-30 00:00:00,T,A,0,2,0,,,,2025-08-26 00:00:00,,,0,0,0
10379,,C14300,팬코,2026-07-01 00:00:00,T,BB,0,0,2,,,,,,,0,0,0
12224,,L68129,평택도시공사,2026-06-10 00:00:00,T,AA,0,3,0,,,,,,,0,0,0
12955,,D35100,평택에너지앤파워,2026-06-25 00:00:00,T,A,0,3,0,,,,,,,0,0,0
42109,,C24110,포스코,2026-06-25 00:00:00,T,AA+,0,3,0,,,,,,,0,0,0
02510,,F41229,포스코이앤씨,2026-06-30 00:00:00,T,A+,0,0,3,2026-07-02 00:00:00,T,A2+,,,,0,0,0
04705,,G46100,포스코인터내셔널,2026-04-10 00:00:00,T,AA-,3,0,0,,,,2025-01-16 00:00:00,,,0,0,0
00367,,C28200,포스코퓨처엠,2026-06-23 00:00:00,T,AA-,0,3,0,,,,,,,0,0,0
14559,,D35113,포천파워,,,,0,0,0,,,,2026-06-02 00:00:00,T,A+,0,2,0
20354,,K64911,폭스바겐파이낸셜,2026-06-30 00:00:00,T,A+,0,3,0,,,,,,,0,0,0
12172,,H50112,폴라리스쉬핑,2026-06-30 00:00:00,T,BBB,0,1,0,2026-06-30 00:00:00,F,A3-,,,,0,0,0
00733,,K64132,푸른상호저축은행,,,,0,0,0,,,,2026-06-29 00:00:00,T,BBB+,0,1,0
10316,,G46000,풀무원식품,2026-06-24 00:00:00,T,BBB+,0,2,0,,,,,,,0,0,0
10314,,C24200,풍산,2026-04-21 00:00:00,F,A+,1,2,0,2026-04-21 00:00:00,F,A2+,,,,0,0,0
20055,,G47000,피에스앤마케팅,,,,0,0,0,,,,2026-06-02 00:00:00,T,A+,0,1,0
08679,,K64992,하나금융지주,2026-06-25 00:00:00,T,AAA,0,3,0,,,,,,,0,0,0
06731,,C26110,하나마이크론,2026-05-07 00:00:00,T,BBB,0,1,0,2025-01-03 00:00:00,T,CANC,,,,0,0,0
02508,,K64209,하나에프앤아이,2026-06-26 00:00:00,T,A+,0,3,0,2026-06-26 00:00:00,T,A2+,,,,0,0,0
00494,,K64121,하나은행,2026-06-30 00:00:00,T,AAA,0,3,0,,,,2026-04-30 00:00:00,T,AAA,0,3,0
26723,,K64201,하나자산신탁,,,,0,0,0,,,,2026-06-29 00:00:00,T,A,0,1,0
00000,,K64000,하나저축은행,,,,0,0,0,,,,2026-05-04 00:00:00,T,A-,0,1,0
03075,,K66121,하나증권,2026-07-13 00:00:00,T,AA,0,3,0,2026-06-30 00:00:00,T,A1,,,,0,0,0
20549,,K64913,하나카드,2026-06-30 00:00:00,T,AA,0,3,0,2026-06-01 00:00:00,T,A1,,,,0,0,0
01980,,K64913,하나캐피탈,2026-07-15 00:00:00,T,AA-,0,3,0,2026-06-18 00:00:00,T,A1,2026-05-15 00:00:00,T,AA-,0,1,0
14912,,K64999,하남도시공사,2026-06-22 00:00:00,T,AA,0,3,0,,,,,,,0,0,0
00338,,K64992,하림지주,2026-07-01 00:00:00,T,A-,0,2,0,,,,2025-01-16 00:00:00,,,0,0,0
35282,,J59200,하이브,,,,0,0,0,,,,2026-05-11 00:00:00,T,A+,0,2,0
00008,,C11122,하이트진로,2026-06-18 00:00:00,T,A+,0,3,0,2026-06-22 00:00:00,T,A2+,,,,0,0,0
00014,,K64992,하이트진로홀딩스,2026-06-18 00:00:00,T,A,0,3,0,2026-06-22 00:00:00,T,A2,,,,0,0,0
14851,,C24212,하이호경금속,2026-06-01 00:00:00,T,BB,0,1,0,,,,,,,0,0,0
03646,,D35200,한국가스공사,2026-06-22 00:00:00,T,AAA,0,3,0,2026-06-11 00:00:00,T,A1,2026-06-10 00:00:00,T,AAA,0,1,0
35746,,H52931,한국공항공사,2026-06-25 00:00:00,T,AAA,0,3,0,2025-06-23 00:00:00,T,A1,,,,0,0,0
00000,,O84212,한국관광공사,,,,0,0,0,,,,2026-06-22 00:00:00,T,AAA,0,2,0
07105,,K64992,한국금융지주,2026-06-19 00:00:00,T,AA-,0,3,0,2026-06-29 00:00:00,T,A1,,,,0,0,0
06498,,D35110,한국남동발전,2026-06-23 00:00:00,T,AAA,0,3,0,2026-06-09 00:00:00,T,A1,2026-04-06 00:00:00,T,AAA,0,1,0
06431,,D35110,한국남부발전,2026-07-10 00:00:00,T,AAA,0,3,0,2026-04-07 00:00:00,T,A1,2026-05-29 00:00:00,T,AAA,0,3,0
09692,,H52919,한국도로공사,2026-07-08 00:00:00,T,AAA,0,3,0,2026-04-10 00:00:00,T,A1,2026-04-10 00:00:00,T,AAA,0,1,0
06817,,D35110,한국동서발전,2026-07-06 00:00:00,T,AAA,0,3,0,2026-05-21 00:00:00,T,A1,2026-05-21 00:00:00,T,AAA,0,1,0
02183,,N76390,한국렌탈,2026-05-19 00:00:00,T,BBB,0,2,0,2026-06-12 00:00:00,F,A3-,2026-06-12 00:00:00,T,BBB,0,2,0
00000,,K64209,한국비티엘인프라투용자회사,,,,0,0,0,,,,2026-05-21 00:00:00,T,AA+,0,1,0
10155,,L68000,한국산업단지공단,2026-06-29 00:00:00,T,AAA,0,3,0,,,,,,,0,0,0
06362,,D35110,한국서부발전,2026-06-18 00:00:00,T,AAA,0,3,0,,,,2026-04-15 00:00:00,T,AAA,0,1,0
13379,,B05200,한국석유공사,2026-06-29 00:00:00,T,AAA,0,2,0,2026-06-30 00:00:00,T,A1,,,,0,0,0
06332,,D35110,한국수력원자력,2026-06-12 00:00:00,T,AAA,0,3,0,,,,2026-06-09 00:00:00,T,AAA,0,1,0
26285,,E36010,한국수자원공사,2026-06-23 00:00:00,T,AAA,0,3,0,2026-06-08 00:00:00,T,A1,2026-06-23 00:00:00,T,AAA,0,1,0
AB808,,K64912,한국수출입은행,2026-06-16 00:00:00,T,AAA,0,3,0,,,,2026-06-10 00:00:00,T,AAA,0,2,0
01683,,K64121,한국씨티은행,2026-06-10 00:00:00,T,AA+,0,3,0,,,,2026-05-14 00:00:00,T,AA+,0,1,0
00000,,K66121,한국에스지증권,,,,0,0,0,,,,2026-06-26 00:00:00,T,A+,0,1,0
07936,,K64999,한국자산관리공사,2026-05-12 00:00:00,T,AAA,0,3,0,2026-05-11 00:00:00,T,A1,2025-01-16 00:00:00,,,0,0,0
12389,,K64201,한국자산신탁,2026-06-26 00:00:00,T,A-,0,2,0,,,,2026-04-13 00:00:00,,,0,0,0
36045,,K64913,한국자산캐피탈,2026-01-16 00:00:00,T,BBB+,0,1,0,,,,2026-06-22 00:00:00,T,BBB+,0,1,0
01576,,D35120,한국전력공사,2026-07-01 00:00:00,T,AAA,0,3,0,2026-07-01 00:00:00,T,A1,2026-03-31 00:00:00,T,AAA,0,1,0
02335,,M72121,한국종합기술,,,,0,0,0,,,,2026-05-22 00:00:00,T,BBB+,0,1,0
07915,,K66199,한국주택금융공사,2026-07-01 00:00:00,T,AAA,0,3,0,2026-06-12 00:00:00,T,A1,2026-06-10 00:00:00,T,AAA,0,3,0
06656,,D35110,한국중부발전,2026-07-08 00:00:00,T,AAA,0,3,0,2026-06-24 00:00:00,T,A1,2026-06-24 00:00:00,T,AAA,0,1,0
02882,,K64990,한국증권금융,2026-07-15 00:00:00,T,AAA,0,3,0,2026-06-29 00:00:00,T,A1,2026-04-01 00:00:00,T,AAA,0,3,0
08425,,H49100,한국철도공사,2026-06-23 00:00:00,T,AAA,0,3,0,2026-05-11 00:00:00,T,A1,2026-06-23 00:00:00,T,AAA,0,1,0
02376,,K64911,한국캐피탈,2026-07-15 00:00:00,T,A,0,3,0,2026-07-06 00:00:00,T,A2,,,,0,0,0
16189,,C20423,한국콜마,2026-07-01 00:00:00,T,A,0,2,0,2026-07-02 00:00:00,T,A2,,,,0,0,0
02472,,K64992,한국콜마홀딩스,,,,0,0,0,,,,2026-07-01 00:00:00,T,A-,0,2,0
16139,,C22111,한국타이어앤테크놀로지,2026-07-01 00:00:00,T,AA,0,3,0,2024-12-19 00:00:00,T,A1,,,,0,0,0
03483,,K64201,한국토지신탁,2026-07-01 00:00:00,T,A-,0,3,0,2026-06-30 00:00:00,T,A2-,,,,0,0,0
11760,,L68129,한국토지주택공사,2026-06-30 00:00:00,T,AAA,0,3,0,2026-06-30 00:00:00,T,A1,2026-04-30 00:00:00,T,AAA,0,1,0
00000,,K64201,한국투자부동산신탁,,,,0,0,0,,,,2026-04-17 00:00:00,T,BBB+,0,0,1
01745,,K64132,한국투자저축은행,,,,0,0,0,,,,2026-05-08 00:00:00,T,A,0,0,1
03049,,K66121,한국투자증권,2026-07-07 00:00:00,T,AA,0,3,0,2026-06-26 00:00:00,T,A1,,,,0,0,0
21434,,K64910,한국투자캐피탈,2026-07-06 00:00:00,T,A,0,3,0,2026-06-04 00:00:00,T,A2,,,,0,0,0
28157,,N76390,한국파렛트풀,2026-07-01 00:00:00,T,A-,0,1,0,,,,2026-07-01 00:00:00,T,A-,0,1,0
04781,,C31311,한국항공우주,2026-06-30 00:00:00,T,AA-,2,0,0,2026-07-02 00:00:00,T,A1,2025-01-16 00:00:00,,,0,0,0
32013,,K64919,한국해양진흥공사,2026-06-29 00:00:00,T,AAA,0,3,0,,,,2026-06-29 00:00:00,T,AAA,0,3,0
36596,,K64209,한국해외인프라도시개발지원공사,2026-04-22 00:00:00,T,AAA,0,3,0,,,,,,,0,0,0
00239,,C21210,한독,2026-07-01 00:00:00,T,BBB,0,1,0,,,,,,,0,0,0
25387,,C23311,한라시멘트,,,,0,0,0,,,,2026-07-10 00:00:00,T,A-,0,1,0
00000,,K64992,한미사이언스,,,,0,0,0,,,,2026-07-01 00:00:00,T,AA-,0,1,0
12894,,C21210,한미약품,,,,0,0,0,,,,2026-07-01 00:00:00,T,AA-,0,1,0
00368,,C10211,한성기업,2026-04-17 00:00:00,T,BB+,0,1,0,,,,,,,0,0,0
10563,,C14199,한세실업,,,,0,0,0,,,,2026-05-22 00:00:00,F,BBB+,0,2,0
01645,,C14190,한세예스24홀딩스,,,,0,0,0,,,,2026-05-22 00:00:00,T,BBB,0,1,1
00918,,H52990,한솔로지스틱스,,,,0,0,0,2026-06-18 00:00:00,T,A2-,2026-07-01 00:00:00,T,A-,0,1,0
21350,,C17120,한솔제지,2026-06-17 00:00:00,T,A,0,2,0,2026-06-17 00:00:00,T,A2,,,,0,0,0
01468,,C20129,한솔케미칼,2026-06-30 00:00:00,T,A+,0,3,0,,,,2025-01-16 00:00:00,,,0,0,0
00471,,C26299,한솔테크닉스,2026-05-08 00:00:00,T,BBB+,0,2,0,2026-04-14 00:00:00,T,A3+,,,,0,0,0
02575,,C16100,한솔홈데코,2025-06-17 00:00:00,T,BBB,0,0,1,2026-06-26 00:00:00,T,A3,,,,0,0,0
00496,,F41112,한신공영,2026-06-19 00:00:00,T,BBB,1,0,0,,,,,,,0,0,0
00175,,K66121,한양증권,,,,0,0,0,2026-07-02 00:00:00,T,A2,2026-07-01 00:00:00,T,A,0,1,0
01888,,C29172,한온시스템,2026-03-25 00:00:00,T,AA-,0,3,0,,,,,,,0,0,0
30072,,C23311,한일시멘트,2026-04-15 00:00:00,T,A+,0,2,0,2026-06-29 00:00:00,T,A2+,,,,0,0,0
00000,,F42000,한전KDN,,,,0,0,0,2026-05-11 00:00:00,T,A1,2026-05-11 00:00:00,T,AA-,0,1,0
05160,,F42311,한전KPS,,,,0,0,0,,,,2026-06-15 00:00:00,T,AA,0,3,0
05269,,M72129,한전기술,2026-06-12 00:00:00,T,AA,0,2,0,,,,2025-01-16 00:00:00,,,0,0,0
19894,,C24200,한주라이트메탈,2026-07-01 00:00:00,T,B+,0,2,0,,,,,,,0,0,0
00232,,H49309,한진,2026-07-09 00:00:00,T,BBB+,3,0,0,,,,,,,0,0,0
18064,,H51100,한진칼,2026-05-28 00:00:00,T,A-,3,0,0,,,,,,,0,0,0
00088,,C20494,한화,2026-06-30 00:00:00,T,A+,0,3,0,2026-06-30 00:00:00,T,A2+,2026-06-18 00:00:00,T,A+,0,1,0
48979,,K64992,한화비전,2026-06-25 00:00:00,T,A+,0,2,0,2026-06-25 00:00:00,T,A2+,2026-06-26 00:00:00,T,A+,0,1,0
08835,,K65110,한화생명,,,,0,0,0,,,,2026-06-24 00:00:00,T,AAA,0,1,0
00000,,K66202,한화생명금융서비스,,,,0,0,0,2026-06-22 00:00:00,T,A2+,2026-06-22 00:00:00,T,A+,0,3,0
00983,,C20111,한화솔루션,2026-06-25 00:00:00,T,AA-,0,0,2,2026-06-25 00:00:00,T,A1,,,,0,0,0
27221,,C26299,한화시스템,2026-06-24 00:00:00,T,AA,0,3,0,2026-06-23 00:00:00,T,A1,2026-06-25 00:00:00,T,AA,0,1,0
15572,,D35110,한화에너지,2026-06-30 00:00:00,T,A+,0,3,0,2026-06-24 00:00:00,T,A2+,2026-05-22 00:00:00,,,0,0,0
08274,,C29111,한화엔진,,,,0,0,0,,,,2026-05-22 00:00:00,T,BBB,2,0,0
04266,,C31110,한화오션,2026-06-08 00:00:00,T,A-,2,0,0,2026-06-09 00:00:00,T,A2-,2025-01-16 00:00:00,,,0,0,0
00000,,K64132,한화저축은행,,,,0,0,0,,,,2026-05-04 00:00:00,T,A-,0,0,1
07695,,C20111,한화토탈에너지스,2026-06-25 00:00:00,T,AA-,0,0,2,2026-06-25 00:00:00,T,A1,2025-01-16 00:00:00,,,0,0,0
00353,,K66121,한화투자증권,2026-07-14 00:00:00,T,AA-,0,2,0,2026-06-22 00:00:00,T,A1,2026-06-22 00:00:00,T,AA-,0,1,0
03461,,I55103,한화호텔앤드리조트,2026-03-27 00:00:00,T,A-,0,2,0,2026-03-27 00:00:00,T,A2-,2025-01-16 00:00:00,,,0,0,0
00000,,J58221,해줌,,,,0,0,0,,,,2026-04-27 00:00:00,T,B-,0,0,1
10153,,C10700,해태제과식품,2026-05-15 00:00:00,T,A,0,3,0,,,,,,,0,0,0
14321,,C30300,핸즈코퍼레이션,2026-03-26 00:00:00,T,B-,0,0,2,,,,,,,0,0,0
00072,,F41221,현대건설,2026-06-25 00:00:00,T,AA-,0,3,0,,,,2025-01-16 00:00:00,,,0,0,0
08628,,H52990,현대글로비스,2026-05-14 00:00:00,T,AA+,0,3,0,,,,2026-04-15 00:00:00,,,0,0,0
06435,,C31201,현대로템,2026-04-17 00:00:00,T,AA-,0,3,0,2026-04-20 00:00:00,T,A1,,,,0,0,0
01233,,C30300,현대모비스,2026-06-26 00:00:00,T,AA+,0,2,0,,,,,,,0,0,0
06996,,G47111,현대백화점,2026-04-24 00:00:00,T,AA+,0,3,0,2026-06-29 00:00:00,T,A1,,,,0,0,0
00456,,C24122,현대비앤지스틸,2026-06-29 00:00:00,T,A,0,2,0,,,,,,,0,0,0
22241,,F42000,현대스틸산업,,,,0,0,0,,,,2026-06-22 00:00:00,T,A,0,2,0
36548,,F42000,현대알루미늄,2025-07-03 00:00:00,T,BB,0,1,0,,,,,,,0,0,0
06454,,M72121,현대엔지니어링,,,,0,0,0,,,,2026-04-29 00:00:00,T,AA-,0,1,0
01780,,C29162,현대엘리베이터,2026-06-30 00:00:00,F,A,0,1,1,,,,,,,0,0,0
01121,,C30300,현대위아,2026-06-26 00:00:00,T,AA-,0,3,0,,,,2025-06-20 00:00:00,T,AA-,0,1,0
00538,,C30121,현대자동차,2026-06-19 00:00:00,T,AAA,0,3,0,,,,,,,0,0,0
00402,,C24110,현대제철,2026-06-22 00:00:00,T,AA,0,3,0,2024-08-30 00:00:00,T,A1,2025-01-16 00:00:00,,,0,0,0
14480,,C24123,현대종합특수강,2026-06-18 00:00:00,T,A-,0,2,0,,,,,,,0,0,0
00544,,K64992,현대지에프홀딩스,2026-06-29 00:00:00,T,AA+,0,2,0,2026-06-29 00:00:00,T,A1,,,,0,0,0
00150,,K66121,현대차증권,2026-07-09 00:00:00,T,AA-,0,3,0,2026-06-26 00:00:00,T,A1,2026-06-25 00:00:00,T,AA-,0,3,0
06590,,K64913,현대카드,2026-06-30 00:00:00,T,AA+,0,3,0,2026-06-01 00:00:00,T,A1,2026-04-23 00:00:00,T,AA+,0,1,0
02988,,K64913,현대캐피탈,2026-07-01 00:00:00,T,AA+,0,3,0,2026-06-29 00:00:00,T,A1,,,,0,0,0
09592,,K64913,현대커머셜,2026-07-01 00:00:00,T,AA-,0,3,0,2026-06-01 00:00:00,T,A1,2026-04-01 00:00:00,T,AA-,0,1,0
33159,,C19210,현대케미칼,2026-07-01 00:00:00,T,A,0,0,3,2026-06-30 00:00:00,T,A2,,,,0,0,0
16072,,C30000,현대케피코,2026-06-11 00:00:00,T,A+,0,2,0,,,,,,,0,0,0
01176,,G46800,현대코퍼레이션,2026-07-01 00:00:00,F,A,1,2,0,,,,2026-06-29 00:00:00,T,A+,0,1,0
22784,,G46300,현대코퍼레이션홀딩스,2026-07-01 00:00:00,F,A-,1,1,0,,,,2026-04-14 00:00:00,,,0,0,0
03909,,C30000,현대트랜시스,2026-06-30 00:00:00,T,AA-,0,3,0,,,,2026-06-19 00:00:00,T,AA-,0,1,0
09324,,C14112,형지엘리트,2025-12-22 00:00:00,T,B+,0,0,1,,,,,,,0,0,0
44132,,L68112,호림테크,2025-07-10 00:00:00,T,B-,0,1,0,,,,,,,0,0,0
02478,,F41112,호반건설,,,,0,0,0,2026-06-29 00:00:00,T,A2,2026-06-29 00:00:00,T,A,0,2,0
00000,,F41112,호반산업,,,,0,0,0,2026-06-29 00:00:00,T,A2-,2026-06-29 00:00:00,T,A-,0,2,0
10118,,I55101,호텔롯데,2026-06-22 00:00:00,T,AA-,0,3,0,2026-06-22 00:00:00,T,A1,2026-06-18 00:00:00,T,AA-,0,1,0
00877,,G47859,호텔신라,2026-06-30 00:00:00,T,AA-,0,2,1,,,,2025-01-16 00:00:00,,,0,0,0
37885,,C30399,화승알앤에이,2025-06-19 00:00:00,T,BBB-,0,1,0,,,,,,,0,0,0
01352,,C30300,화승코퍼레이션,2026-06-25 00:00:00,T,BBB-,1,0,0,,,,,,,0,0,0
01069,,C30391,화신,2026-04-08 00:00:00,T,BBB+,0,1,0,,,,,,,0,0,0
00000,,L68120,화이트코리아,,,,0,0,0,,,,2026-06-29 00:00:00,T,BB-,0,0,1
29804,,C28100,효성중공업,2026-04-07 00:00:00,T,A+,0,1,0,2026-04-06 00:00:00,T,A2+,2026-04-15 00:00:00,T,A+,0,3,0
29802,,C20500,효성티앤씨,2026-07-01 00:00:00,T,A+,0,2,0,2026-07-02 00:00:00,T,A2+,2025-01-16 00:00:00,,,0,0,0
29800,,C20100,효성화학,2026-04-21 00:00:00,T,BBB,0,0,1,2026-06-17 00:00:00,T,A3,,,,0,0,0
07998,,C20501,휴비스,2026-05-11 00:00:00,T,BBB+,0,2,0,,,,2026-05-22 00:00:00,,,0,0,0
00132,,C22111,흥아,2026-06-24 00:00:00,T,BB-,0,1,0,,,,,,,0,0,0
00694,,F41221,흥화,,,,0,0,0,2026-06-19 00:00:00,T,A3,2026-06-22 00:00:00,T,BBB,0,0,1
